R_fighter,B_fighter,Referee,date,location,Winner,title_bout,weight_class,no_of_rounds,B_current_lose_streak,B_current_win_streak,B_draw,B_avg_BODY_att,B_avg_BODY_landed,B_avg_CLINCH_att,B_avg_CLINCH_landed,B_avg_DISTANCE_att,B_avg_DISTANCE_landed,B_avg_GROUND_att,B_avg_GROUND_landed,B_avg_HEAD_att,B_avg_HEAD_landed,B_avg_KD,B_avg_LEG_att,B_avg_LEG_landed,B_avg_PASS,B_avg_REV,B_avg_SIG_STR_att,B_avg_SIG_STR_landed,B_avg_SIG_STR_pct,B_avg_SUB_ATT,B_avg_TD_att,B_avg_TD_landed,B_avg_TD_pct,B_avg_TOTAL_STR_att,B_avg_TOTAL_STR_landed,B_longest_win_streak,B_losses,B_avg_opp_BODY_att,B_avg_opp_BODY_landed,B_avg_opp_CLINCH_att,B_avg_opp_CLINCH_landed,B_avg_opp_DISTANCE_att,B_avg_opp_DISTANCE_landed,B_avg_opp_GROUND_att,B_avg_opp_GROUND_landed,B_avg_opp_HEAD_att,B_avg_opp_HEAD_landed,B_avg_opp_KD,B_avg_opp_LEG_att,B_avg_opp_LEG_landed,B_avg_opp_PASS,B_avg_opp_REV,B_avg_opp_SIG_STR_att,B_avg_opp_SIG_STR_landed,B_avg_opp_SIG_STR_pct,B_avg_opp_SUB_ATT,B_avg_opp_TD_att,B_avg_opp_TD_landed,B_avg_opp_TD_pct,B_avg_opp_TOTAL_STR_att,B_avg_opp_TOTAL_STR_landed,B_total_rounds_fought,B_total_time_fought(seconds),B_total_title_bouts,B_win_by_Decision_Majority,B_win_by_Decision_Split,B_win_by_Decision_Unanimous,B_win_by_KO/TKO,B_win_by_Submission,B_win_by_TKO_Doctor_Stoppage,B_wins,B_Stance,B_Height_cms,B_Reach_cms,B_Weight_lbs,R_current_lose_streak,R_current_win_streak,R_draw,R_avg_BODY_att,R_avg_BODY_landed,R_avg_CLINCH_att,R_avg_CLINCH_landed,R_avg_DISTANCE_att,R_avg_DISTANCE_landed,R_avg_GROUND_att,R_avg_GROUND_landed,R_avg_HEAD_att,R_avg_HEAD_landed,R_avg_KD,R_avg_LEG_att,R_avg_LEG_landed,R_avg_PASS,R_avg_REV,R_avg_SIG_STR_att,R_avg_SIG_STR_landed,R_avg_SIG_STR_pct,R_avg_SUB_ATT,R_avg_TD_att,R_avg_TD_landed,R_avg_TD_pct,R_avg_TOTAL_STR_att,R_avg_TOTAL_STR_landed,R_longest_win_streak,R_losses,R_avg_opp_BODY_att,R_avg_opp_BODY_landed,R_avg_opp_CLINCH_att,R_avg_opp_CLINCH_landed,R_avg_opp_DISTANCE_att,R_avg_opp_DISTANCE_landed,R_avg_opp_GROUND_att,R_avg_opp_GROUND_landed,R_avg_opp_HEAD_att,R_avg_opp_HEAD_landed,R_avg_opp_KD,R_avg_opp_LEG_att,R_avg_opp_LEG_landed,R_avg_opp_PASS,R_avg_opp_REV,R_avg_opp_SIG_STR_att,R_avg_opp_SIG_STR_landed,R_avg_opp_SIG_STR_pct,R_avg_opp_SUB_ATT,R_avg_opp_TD_att,R_avg_opp_TD_landed,R_avg_opp_TD_pct,R_avg_opp_TOTAL_STR_att,R_avg_opp_TOTAL_STR_landed,R_total_rounds_fought,R_total_time_fought(seconds),R_total_title_bouts,R_win_by_Decision_Majority,R_win_by_Decision_Split,R_win_by_Decision_Unanimous,R_win_by_KO/TKO,R_win_by_Submission,R_win_by_TKO_Doctor_Stoppage,R_wins,R_Stance,R_Height_cms,R_Reach_cms,R_Weight_lbs,B_age,R_age
Karolina Kowalkiewicz,Alexa Grasso,Kevin MacDonald,2019-06-08,"Chicago, Illinois, USA",Blue,False,Women's Strawweight,3,1.0,0.0,0.0,16.25,11.0,17.5,11.25,105.75,40.0,3.0,2.5,94.25,29.75,0.0,15.75,13.0,0.25,0.25,126.25,53.75,0.5025,0.25,0.5,0.25,0.125,165.5,87.5,1.0,2.0,18.75,10.5,8.0,6.25,101.0,27.0,4.75,3.5,90.0,23.5,0.0,5.0,2.75,2.75,0.25,113.75,36.75,0.325,0.25,5.5,2.0,0.38,132.75,53.75,10.0,716.0,0.0,0.0,1.0,1.0,0.0,0.0,0.0,2.0,Orthodox,165.1,167.64000000000001,115.0,2.0,0.0,0.0,25.22222222222222,17.555555555555557,27.555555555555557,20.77777777777778,155.77777777777777,49.77777777777778,3.7777777777777777,3.0,149.0,46.77777777777778,0.0,12.88888888888889,9.222222222222221,0.7777777777777778,0.1111111111111111,187.11111111111111,73.55555555555556,0.38,0.0,0.7777777777777778,0.1111111111111111,0.05555555555555555,211.22222222222223,95.0,3.0,4.0,26.22222222222222,14.666666666666666,20.555555555555557,14.11111111111111,133.11111111111111,51.666666666666664,1.6666666666666667,1.5555555555555556,110.11111111111111,38.22222222222222,0.1111111111111111,19.0,14.444444444444445,0.5555555555555556,0.1111111111111111,155.33333333333334,67.33333333333333,0.41444444444444445,0.2222222222222222,4.777777777777778,0.7777777777777778,0.2711111111111111,170.77777777777777,81.88888888888889,25.0,800.1111111111111,1.0,0.0,2.0,3.0,0.0,0.0,0.0,5.0,Orthodox,160.02,162.56,115.0,25.0,33.0
Ricardo Lamas,Calvin Kattar,Dan Miragliotta,2019-06-08,"Chicago, Illinois, USA",Blue,False,Featherweight,3,0.0,1.0,0.0,7.25,4.75,1.75,0.5,125.0,50.75,8.75,5.0,122.25,46.5,0.5,6.0,5.0,0.0,0.0,135.5,56.25,0.42,0.0,1.5,0.5,0.165,139.25,59.0,2.0,1.0,20.75,13.25,4.75,2.0,162.5,72.5,0.0,0.0,123.5,42.75,0.0,23.0,18.5,0.0,0.0,167.25,74.5,0.4125,0.0,1.0,0.25,0.125,168.75,75.75,10.0,670.75,0.0,0.0,0.0,1.0,2.0,0.0,0.0,3.0,Orthodox,180.34,182.88,145.0,0.0,1.0,0.0,8.333333333333334,6.733333333333333,7.2,6.4,54.266666666666666,21.2,6.933333333333334,4.666666666666667,45.93333333333333,15.266666666666667,0.13333333333333333,14.133333333333333,10.266666666666667,0.6666666666666666,0.4,68.4,32.266666666666666,0.478,0.6666666666666666,3.7333333333333334,1.0666666666666667,0.30133333333333334,80.0,43.53333333333333,4.0,5.0,9.0,5.8,7.466666666666667,5.133333333333334,59.86666666666667,21.266666666666666,3.466666666666667,2.8666666666666667,56.13333333333333,19.266666666666666,0.2,5.666666666666667,4.2,0.9333333333333333,0.0,70.8,29.266666666666666,0.40199999999999997,0.4666666666666667,2.0,1.1333333333333333,0.38,88.66666666666667,45.2,34.0,624.0666666666667,1.0,0.0,0.0,3.0,4.0,3.0,0.0,10.0,Orthodox,172.72,180.34,145.0,31.0,37.0
Yan Xiaonan,Angela Hill,Robert Madrigal,2019-06-08,"Chicago, Illinois, USA",Red,False,Women's Strawweight,3,0.0,1.0,0.0,25.4,17.9,22.5,16.8,121.1,55.6,2.6,1.9,108.3,45.3,0.2,12.5,11.1,0.1,0.1,146.2,74.3,0.48,0.0,0.8,0.3,0.25,159.0,85.8,1.0,6.0,29.7,16.3,21.3,11.9,168.2,52.0,1.7,1.2,149.5,38.7,0.0,12.0,10.1,1.0,0.0,191.2,65.1,0.362,0.2,4.7,1.2,0.364,208.6,80.2,26.0,763.1,0.0,0.0,0.0,4.0,0.0,0.0,0.0,4.0,Orthodox,160.02,162.56,115.0,0.0,3.0,0.0,9.333333333333334,5.333333333333333,10.666666666666666,7.333333333333333,244.33333333333334,97.66666666666667,1.3333333333333333,0.6666666666666666,213.66666666666666,79.0,0.0,33.333333333333336,21.333333333333332,0.0,0.0,256.3333333333333,105.66666666666667,0.4033333333333333,0.0,0.3333333333333333,0.0,0.0,260.6666666666667,109.0,3.0,0.0,21.333333333333332,11.333333333333334,10.0,6.0,175.33333333333334,53.0,3.6666666666666665,1.6666666666666667,160.0,42.333333333333336,0.0,7.666666666666667,7.0,0.6666666666666666,0.0,189.0,60.666666666666664,0.32,0.0,2.0,0.6666666666666666,0.11,222.0,89.66666666666667,9.0,900.0,0.0,0.0,0.0,3.0,0.0,0.0,0.0,3.0,Orthodox,165.1,160.02,115.0,34.0,29.0
Bevon Lewis,Darren Stewart,Marc Goddard,2019-06-08,"Chicago, Illinois, USA",Blue,False,Middleweight,3,1.0,0.0,0.0,5.428571428571429,4.142857142857143,12.285714285714286,9.142857142857142,37.857142857142854,11.714285714285714,5.142857142857143,3.2857142857142856,45.57142857142857,17.428571428571427,0.2857142857142857,4.285714285714286,2.5714285714285716,0.2857142857142857,0.0,55.285714285714285,24.142857142857142,0.45428571428571424,0.0,2.4285714285714284,1.0,0.2414285714285714,65.14285714285714,32.42857142857143,2.0,5.0,5.285714285714286,3.5714285714285716,12.285714285714286,8.571428571428571,31.428571428571427,11.428571428571429,2.7142857142857144,1.7142857142857142,38.42857142857143,15.714285714285714,0.0,2.7142857142857144,2.4285714285714284,0.7142857142857143,0.0,46.42857142857143,21.714285714285715,0.4385714285714286,0.7142857142857143,6.285714285714286,2.2857142857142856,0.27999999999999997,56.714285714285715,31.0,14.0,488.7142857142857,0.0,0.0,0.0,0.0,2.0,0.0,0.0,2.0,Orthodox,182.88,187.96,185.0,1.0,0.0,0.0,9.0,4.0,18.0,12.0,139.0,56.0,0.0,0.0,100.0,27.0,0.0,48.0,37.0,0.0,0.0,157.0,68.0,0.43,0.0,0.0,0.0,0.0,168.0,77.0,0.0,1.0,13.0,5.0,0.0,0.0,88.0,39.0,0.0,0.0,48.0,13.0,1.0,27.0,21.0,0.0,0.0,88.0,39.0,0.44,0.0,0.0,0.0,0.0,91.0,42.0,3.0,692.0,0.0,0.0,0.0,0.0,0.0,0.0,0.0,0.0,Orthodox,190.5,200.66,185.0,28.0,28.0
Eddie Wineland,Grigorii Popov,Kevin MacDonald,2019-06-08,"Chicago, Illinois, USA",Red,False,Bantamweight,3,0.0,0.0,0.0,,,,,,,,,,,,,,,,,,,,,,,,,0.0,0.0,,,,,,,,,,,,,,,,,,,,,,,,,0.0,,0.0,0.0,0.0,0.0,0.0,0.0,0.0,0.0,Switch,170.18,172.72,135.0,2.0,0.0,0.0,12.75,6.666666666666667,2.6666666666666665,1.75,119.75,31.0,5.333333333333333,3.0,112.66666666666667,27.083333333333332,0.5,2.3333333333333335,2.0,0.25,0.0,127.75,35.75,0.25666666666666665,0.0,0.8333333333333334,0.16666666666666666,0.11083333333333334,130.75,38.75,2.0,7.0,14.333333333333334,8.083333333333334,3.5833333333333335,2.75,112.33333333333333,38.666666666666664,4.666666666666667,2.0833333333333335,94.58333333333333,26.416666666666668,0.16666666666666666,11.666666666666666,9.0,0.08333333333333333,0.0,120.58333333333333,43.5,0.39333333333333337,0.0,3.6666666666666665,0.25,0.035833333333333335,124.66666666666667,47.0,29.0,668.0,1.0,0.0,1.0,0.0,4.0,0.0,0.0,5.0,Orthodox,170.18,175.26,135.0,35.0,34.0
Katlyn Chookagian,Joanne Calderwood,Dan Miragliotta,2019-06-08,"Chicago, Illinois, USA",Red,False,Women's Flyweight,3,0.0,2.0,0.0,21.875,13.0,14.875,10.25,96.75,44.75,10.25,6.375,75.0,29.0,0.375,25.0,19.375,1.25,0.25,121.875,61.375,0.53625,0.5,2.125,1.125,0.26,162.25,95.625,2.0,3.0,15.75,12.125,9.375,7.125,70.375,31.625,6.25,4.625,59.625,25.25,0.0,10.625,6.0,1.125,0.0,86.0,43.375,0.5425,0.5,1.625,0.75,0.3825,104.875,59.75,18.0,628.625,0.0,0.0,0.0,3.0,1.0,1.0,0.0,5.0,Orthodox,167.64000000000001,165.1,125.0,1.0,0.0,0.0,22.166666666666668,13.333333333333334,6.5,4.166666666666667,188.33333333333334,55.333333333333336,2.1666666666666665,1.6666666666666667,162.16666666666666,37.166666666666664,0.16666666666666666,12.666666666666666,10.666666666666666,0.0,0.0,197.0,61.166666666666664,0.295,0.16666666666666666,2.1666666666666665,0.0,0.0,210.33333333333334,73.33333333333333,3.0,2.0,15.166666666666666,9.0,6.833333333333333,4.666666666666667,163.5,57.0,1.6666666666666667,1.5,128.0,31.666666666666668,0.0,28.833333333333332,22.5,0.16666666666666666,0.0,172.0,63.166666666666664,0.3633333333333333,0.0,3.1666666666666665,1.1666666666666667,0.27499999999999997,187.66666666666666,76.83333333333333,18.0,900.0,0.0,0.0,1.0,3.0,0.0,0.0,0.0,4.0,Orthodox,175.26,172.72,125.0,33.0,30.0
Alexander Gustafsson,Anthony Smith,Marc Goddard,2019-06-01,"Stockholm, Sweden",Blue,False,Light Heavyweight,5,1.0,0.0,0.0,9.272727272727273,6.181818181818182,6.818181818181818,5.2727272727272725,57.18181818181818,25.90909090909091,2.6363636363636362,2.0,53.36363636363637,23.272727272727273,0.45454545454545453,4.0,3.727272727272727,0.45454545454545453,0.18181818181818182,66.63636363636364,33.18181818181818,0.5072727272727273,0.36363636363636365,1.2727272727272727,0.36363636363636365,0.09636363636363637,71.45454545454545,37.63636363636363,3.0,4.0,11.545454545454545,9.090909090909092,9.363636363636363,6.454545454545454,55.09090909090909,26.363636363636363,18.09090909090909,14.636363636363637,57.90909090909091,26.454545454545453,0.18181818181818182,13.090909090909092,11.909090909090908,1.0,0.09090909090909091,82.54545454545455,47.45454545454545,0.4954545454545455,0.09090909090909091,2.909090909090909,1.4545454545454546,0.32727272727272727,118.18181818181819,80.45454545454545,27.0,625.0,1.0,0.0,0.0,1.0,5.0,1.0,0.0,7.0,Orthodox,193.04,193.04,205.0,1.0,0.0,0.0,11.933333333333334,6.6,7.0,3.933333333333333,94.46666666666667,33.06666666666667,9.666666666666666,7.2,92.2,32.266666666666666,0.6,7.0,5.333333333333333,1.1333333333333333,0.0,111.13333333333334,44.2,0.38466666666666666,0.3333333333333333,3.0,1.2,0.30333333333333334,129.46666666666667,60.6,6.0,5.0,9.466666666666667,6.0,9.466666666666667,6.466666666666667,66.66666666666667,28.933333333333334,4.133333333333334,3.2666666666666666,59.13333333333333,23.6,0.06666666666666667,11.666666666666666,9.066666666666666,0.4666666666666667,0.0,80.26666666666667,38.666666666666664,0.5253333333333333,0.13333333333333333,3.066666666666667,0.4666666666666667,0.098,94.6,51.93333333333333,38.0,660.8666666666667,3.0,0.0,0.0,3.0,5.0,2.0,0.0,10.0,Orthodox,195.57999999999998,200.66,205.0,30.0,32.0
Jimi Manuwa,Aleksandar Rakic,Kevin Sataki,2019-06-01,"Stockholm, Sweden",Blue,False,Light Heavyweight,3,0.0,3.0,0.0,10.333333333333334,8.333333333333334,6.666666666666667,4.666666666666667,68.33333333333333,26.333333333333332,38.0,29.333333333333332,86.66666666666667,40.666666666666664,0.6666666666666666,16.0,11.333333333333334,1.3333333333333333,0.0,113.0,60.333333333333336,0.5666666666666667,0.0,1.6666666666666667,1.0,0.25,181.0,123.66666666666667,3.0,0.0,1.6666666666666667,0.0,3.3333333333333335,3.0,30.666666666666668,12.333333333333334,3.3333333333333335,3.0,29.666666666666668,13.666666666666666,0.3333333333333333,6.0,4.666666666666667,0.3333333333333333,0.0,37.333333333333336,18.333333333333332,0.5,0.0,5.666666666666667,0.6666666666666666,0.04666666666666667,49.0,29.333333333333332,7.0,681.6666666666666,0.0,0.0,0.0,2.0,1.0,0.0,0.0,3.0,Orthodox,193.04,198.12,205.0,3.0,0.0,0.0,9.454545454545455,7.2727272727272725,11.272727272727273,9.454545454545455,36.09090909090909,16.181818181818183,0.8181818181818182,0.45454545454545453,29.636363636363637,10.727272727272727,0.2727272727272727,9.090909090909092,8.090909090909092,0.09090909090909091,0.0,48.18181818181818,26.09090909090909,0.5372727272727272,0.18181818181818182,1.4545454545454546,0.2727272727272727,0.09090909090909091,53.27272727272727,30.545454545454547,3.0,5.0,9.0,6.909090909090909,12.454545454545455,9.909090909090908,45.36363636363637,19.454545454545453,1.4545454545454546,0.9090909090909091,44.81818181818182,18.363636363636363,0.45454545454545453,5.454545454545454,5.0,0.8181818181818182,0.0,59.27272727272727,30.272727272727273,0.5145454545454545,0.0,2.8181818181818183,0.8181818181818182,0.2636363636363636,71.81818181818181,42.36363636363637,21.0,455.72727272727275,0.0,0.0,0.0,1.0,3.0,0.0,2.0,6.0,Orthodox,185.42,200.66,205.0,27.0,39.0
Makwan Amirkhani,Chris Fishgold,Marc Goddard,2019-06-01,"Stockholm, Sweden",Red,False,Featherweight,3,0.0,1.0,0.0,2.5,1.0,5.0,2.5,45.5,13.5,3.0,1.0,46.5,13.5,0.0,4.5,2.5,2.5,0.0,53.5,17.0,0.345,1.0,6.0,3.0,0.5,57.0,19.5,1.0,1.0,2.0,2.0,1.0,0.5,27.5,12.0,12.0,8.0,38.0,18.5,0.5,0.5,0.0,0.5,0.0,40.5,20.5,0.505,0.0,0.5,0.5,0.5,53.0,30.0,3.0,310.5,0.0,0.0,0.0,0.0,0.0,1.0,0.0,1.0,Orthodox,172.72,172.72,145.0,0.0,1.0,0.0,1.6,0.8,0.2,0.0,19.8,7.6,13.0,8.8,31.2,15.4,0.2,0.2,0.2,3.2,0.8,33.0,16.4,0.45600000000000007,1.0,5.0,2.4,0.5,43.4,24.8,3.0,1.0,5.4,2.4,2.0,0.6,28.2,9.4,7.0,5.0,27.8,10.0,0.4,4.0,2.6,1.6,0.4,37.2,15.0,0.462,0.8,1.4,0.6,0.1,67.4,42.0,11.0,561.8,0.0,0.0,1.0,1.0,1.0,1.0,0.0,4.0,Southpaw,177.8,182.88,145.0,26.0,30.0
Damir Hadzovic,Christos Giagos,Rich Mitchell,2019-06-01,"Stockholm, Sweden",Blue,False,Lightweight,3,0.0,1.0,0.0,7.0,4.2,4.6,2.6,42.8,11.0,12.8,6.2,52.2,14.8,0.0,1.0,0.8,1.0,0.4,60.2,19.8,0.342,0.2,3.0,1.2,0.3,76.0,33.4,1.0,3.0,6.4,4.2,5.2,2.6,30.4,12.6,2.2,2.0,26.6,9.4,0.0,4.8,3.6,2.2,0.4,37.8,17.2,0.378,0.8,2.4,1.4,0.414,53.6,31.8,10.0,558.2,0.0,0.0,0.0,1.0,0.0,1.0,0.0,2.0,Orthodox,177.8,180.34,155.0,0.0,2.0,0.0,9.0,7.2,3.6,3.2,60.0,25.4,8.8,6.2,60.2,24.4,0.4,3.2,3.2,0.6,0.0,72.4,34.8,0.49800000000000005,0.2,0.8,0.4,0.132,87.0,47.6,2.0,2.0,7.4,3.8,2.8,1.8,84.4,22.6,7.8,5.8,83.6,22.6,0.2,4.0,3.8,3.4,0.0,95.0,30.2,0.386,0.2,3.8,2.6,0.32,119.6,49.4,12.0,610.8,0.0,0.0,1.0,0.0,2.0,0.0,0.0,3.0,Orthodox,175.26,177.8,155.0,29.0,32.0
Daniel Teymur,Sung Bin Jo,Rebin Saber,2019-06-01,"Stockholm, Sweden",Red,False,Featherweight,3,0.0,0.0,0.0,,,,,,,,,,,,,,,,,,,,,,,,,0.0,0.0,,,,,,,,,,,,,,,,,,,,,,,,,0.0,,0.0,0.0,0.0,0.0,0.0,0.0,0.0,0.0,Orthodox,182.88,182.88,145.0,3.0,0.0,0.0,6.0,5.0,9.666666666666666,6.333333333333333,71.66666666666667,29.333333333333332,6.666666666666667,5.333333333333333,58.333333333333336,21.0,0.0,23.666666666666668,15.0,0.3333333333333333,0.0,88.0,41.0,0.4666666666666666,0.0,1.6666666666666667,0.3333333333333333,0.3333333333333333,98.0,49.333333333333336,0.0,3.0,20.333333333333332,13.333333333333334,8.0,6.0,100.0,36.333333333333336,20.0,14.333333333333334,103.66666666666667,39.666666666666664,0.3333333333333333,4.0,3.6666666666666665,4.666666666666667,0.0,128.0,56.666666666666664,0.4366666666666667,1.6666666666666667,4.666666666666667,2.0,0.27666666666666667,160.33333333333334,84.0,8.0,681.6666666666666,0.0,0.0,0.0,0.0,0.0,0.0,0.0,0.0,Orthodox,165.1,175.26,145.0,26.0,31.0
Rostem Akman,Sergey Khandozhko,Leon Roberts,2019-06-01,"Stockholm, Sweden",Blue,False,Welterweight,3,0.0,0.0,0.0,,,,,,,,,,,,,,,,,,,,,,,,,0.0,0.0,,,,,,,,,,,,,,,,,,,,,,,,,0.0,,0.0,0.0,0.0,0.0,0.0,0.0,0.0,0.0,Orthodox,185.42,187.96,170.0,0.0,0.0,0.0,,,,,,,,,,,,,,,,,,,,,,,,,0.0,0.0,,,,,,,,,,,,,,,,,,,,,,,,,0.0,,0.0,0.0,0.0,0.0,0.0,0.0,0.0,0.0,Switch,177.8,182.88,170.0,27.0,27.0
Tonya Evinger,Lina Lansberg,Kevin Sataki,2019-06-01,"Stockholm, Sweden",Blue,False,Women's Bantamweight,3,1.0,0.0,0.0,26.0,22.2,30.2,24.8,46.6,17.6,1.8,1.2,46.8,16.4,0.0,5.8,5.0,0.0,0.0,78.6,43.6,0.562,0.2,1.8,0.4,0.22800000000000004,100.8,62.4,1.0,3.0,27.0,21.4,28.8,22.6,73.8,31.4,15.6,9.8,83.4,36.2,0.0,7.8,6.2,1.6,0.0,118.2,63.8,0.526,0.2,3.0,2.0,0.724,178.2,115.8,13.0,720.4,0.0,0.0,0.0,2.0,0.0,0.0,0.0,2.0,Orthodox,170.18,165.1,135.0,2.0,0.0,0.0,12.0,7.5,7.0,5.0,43.5,15.5,0.0,0.0,30.5,7.5,0.0,8.0,5.5,0.0,0.0,50.5,20.5,0.465,0.0,2.5,0.5,0.125,54.5,24.5,0.0,2.0,14.5,11.0,15.5,9.0,63.5,30.5,29.0,22.5,82.5,40.5,0.5,11.0,10.5,0.5,0.0,108.0,62.0,0.595,0.0,0.5,0.0,0.0,114.0,67.0,4.0,461.0,1.0,0.0,0.0,0.0,0.0,0.0,0.0,0.0,Orthodox,170.18,177.8,135.0,37.0,37.0
Stevie Ray,Leonardo Santos,Marc Goddard,2019-06-01,"Stockholm, Sweden",Blue,False,Lightweight,3,0.0,4.0,0.0,9.666666666666666,5.166666666666667,2.0,1.0,53.833333333333336,18.833333333333332,6.5,5.333333333333333,46.666666666666664,15.0,0.16666666666666666,6.0,5.0,1.8333333333333333,0.0,62.333333333333336,25.166666666666668,0.41,0.3333333333333333,3.3333333333333335,0.8333333333333334,0.3566666666666667,75.66666666666667,36.833333333333336,4.0,1.0,7.833333333333333,5.5,7.166666666666667,5.166666666666667,63.666666666666664,21.5,3.6666666666666665,2.1666666666666665,56.0,15.166666666666666,0.16666666666666666,10.666666666666666,8.166666666666666,0.0,0.0,74.5,28.833333333333332,0.385,0.0,2.5,0.3333333333333333,0.08333333333333333,95.66666666666667,47.0,14.0,656.3333333333334,1.0,0.0,1.0,1.0,1.0,2.0,0.0,5.0,Orthodox,182.88,190.5,155.0,0.0,1.0,0.0,8.0,5.111111111111111,5.777777777777778,3.4444444444444446,74.88888888888889,29.88888888888889,8.222222222222221,6.888888888888889,67.77777777777777,24.555555555555557,0.1111111111111111,13.11111111111111,10.555555555555555,0.8888888888888888,0.0,88.88888888888889,40.22222222222222,0.45000000000000007,0.5555555555555556,1.0,0.5555555555555556,0.23111111111111113,104.66666666666667,53.888888888888886,3.0,3.0,11.222222222222221,6.888888888888889,3.5555555555555554,1.5555555555555556,54.888888888888886,22.11111111111111,7.222222222222222,5.555555555555555,48.333333333333336,17.0,0.1111111111111111,6.111111111111111,5.333333333333333,1.5555555555555556,0.0,65.66666666666667,29.22222222222222,0.5177777777777778,0.2222222222222222,3.0,1.3333333333333333,0.20333333333333334,78.22222222222223,40.0,22.0,686.8888888888889,0.0,1.0,1.0,2.0,2.0,0.0,0.0,6.0,Southpaw,177.8,177.8,155.0,39.0,29.0
Nick Hein,Frank Camacho,Leon Roberts,2019-06-01,"Stockholm, Sweden",Blue,False,Lightweight,3,2.0,0.0,0.0,21.666666666666668,17.666666666666668,13.333333333333334,10.333333333333334,177.33333333333334,84.0,2.3333333333333335,0.6666666666666666,170.33333333333334,76.33333333333333,0.0,1.0,1.0,1.3333333333333333,0.6666666666666666,193.0,95.0,0.47,0.0,3.3333333333333335,1.3333333333333333,0.39999999999999997,231.66666666666666,131.0,1.0,2.0,24.666666666666668,18.666666666666668,12.0,8.333333333333334,206.0,90.0,7.0,4.333333333333333,191.0,74.66666666666667,0.6666666666666666,9.333333333333334,9.333333333333334,0.3333333333333333,0.0,225.0,102.66666666666667,0.4766666666666666,0.3333333333333333,4.333333333333333,0.6666666666666666,0.09333333333333334,235.33333333333334,112.66666666666667,8.0,727.6666666666666,0.0,0.0,1.0,0.0,0.0,0.0,0.0,1.0,Orthodox,177.8,185.42000000000002,170.0,2.0,0.0,0.0,10.428571428571429,5.571428571428571,2.857142857142857,1.1428571428571428,98.0,32.714285714285715,0.2857142857142857,0.2857142857142857,85.0,24.0,0.2857142857142857,5.714285714285714,4.571428571428571,0.7142857142857143,0.14285714285714285,101.14285714285714,34.142857142857146,0.3171428571428571,0.0,2.142857142857143,0.7142857142857143,0.15142857142857144,114.42857142857143,46.0,3.0,3.0,13.142857142857142,7.142857142857143,2.7142857142857144,2.142857142857143,101.28571428571429,36.285714285714285,1.1428571428571428,1.0,84.85714285714286,26.714285714285715,0.14285714285714285,7.142857142857143,5.571428571428571,0.42857142857142855,0.14285714285714285,105.14285714285714,39.42857142857143,0.38428571428571423,0.14285714285714285,1.7142857142857142,0.2857142857142857,0.17857142857142858,116.28571428571429,49.857142857142854,19.0,807.8571428571429,0.0,0.0,0.0,4.0,0.0,0.0,0.0,4.0,Southpaw,167.64000000000001,167.64000000000001,155.0,30.0,35.0
Bea Malecki,Duda Santana,,2019-06-01,"Stockholm, Sweden",Red,False,Women's Bantamweight,3,0.0,0.0,0.0,,,,,,,,,,,,,,,,,,,,,,,,,0.0,0.0,,,,,,,,,,,,,,,,,,,,,,,,,0.0,,0.0,0.0,0.0,0.0,0.0,0.0,0.0,0.0,Orthodox,170.18,185.42000000000002,145.0,0.0,0.0,0.0,,,,,,,,,,,,,,,,,,,,,,,,,0.0,0.0,,,,,,,,,,,,,,,,,,,,,,,,,0.0,,0.0,0.0,0.0,0.0,0.0,0.0,0.0,0.0,Orthodox,175.26,187.96,135.0,23.0,27.0
Darko Stosic,Devin Clark,Kevin Sataki,2019-06-01,"Stockholm, Sweden",Blue,False,Light Heavyweight,3,1.0,0.0,0.0,9.5,7.166666666666667,12.166666666666666,9.0,37.166666666666664,16.333333333333332,11.666666666666666,10.166666666666666,44.666666666666664,22.5,0.3333333333333333,6.833333333333333,5.833333333333333,1.8333333333333333,0.0,61.0,35.5,0.5866666666666668,0.16666666666666666,4.833333333333333,2.1666666666666665,0.3933333333333333,119.33333333333333,87.66666666666667,2.0,3.0,13.166666666666666,11.666666666666666,15.833333333333334,13.333333333333334,33.5,15.5,4.666666666666667,3.5,33.666666666666664,14.5,0.3333333333333333,7.166666666666667,6.166666666666667,0.16666666666666666,0.0,54.0,32.333333333333336,0.6083333333333334,0.6666666666666666,1.0,0.16666666666666666,0.16666666666666666,73.83333333333333,50.666666666666664,13.0,620.6666666666666,0.0,0.0,0.0,3.0,0.0,0.0,0.0,3.0,Orthodox,182.88,190.5,205.0,0.0,1.0,0.0,2.0,0.0,0.0,0.0,5.0,1.0,11.0,8.0,12.0,8.0,0.0,2.0,1.0,0.0,0.0,16.0,9.0,0.56,0.0,0.0,0.0,0.0,17.0,9.0,1.0,0.0,0.0,0.0,0.0,0.0,16.0,4.0,0.0,0.0,13.0,1.0,0.0,3.0,3.0,0.0,0.0,16.0,4.0,0.25,0.0,1.0,0.0,0.0,16.0,4.0,1.0,193.0,0.0,0.0,0.0,0.0,1.0,0.0,0.0,1.0,Orthodox,182.88,193.04,205.0,29.0,27.0
Joel Alvarez,Danilo Belluardo,Rebin Saber,2019-06-01,"Stockholm, Sweden",Red,False,Lightweight,3,0.0,0.0,0.0,,,,,,,,,,,,,,,,,,,,,,,,,0.0,0.0,,,,,,,,,,,,,,,,,,,,,,,,,0.0,,0.0,0.0,0.0,0.0,0.0,0.0,0.0,0.0,Southpaw,182.88,187.96,155.0,1.0,0.0,0.0,11.0,5.0,1.0,1.0,126.0,37.0,0.0,0.0,107.0,26.0,0.0,9.0,7.0,0.0,0.0,127.0,38.0,0.29,0.0,0.0,0.0,0.0,127.0,38.0,0.0,1.0,51.0,30.0,0.0,0.0,150.0,64.0,0.0,0.0,85.0,25.0,0.0,14.0,9.0,0.0,0.0,150.0,64.0,0.42,0.0,0.0,0.0,0.0,150.0,64.0,3.0,900.0,0.0,0.0,0.0,0.0,0.0,0.0,0.0,0.0,Orthodox,190.5,195.58,155.0,24.0,25.0
Rafael Dos Anjos,Kevin Lee,Dan Miragliotta,2019-05-18,"Rochester, New York, USA",Red,False,Welterweight,5,1.0,0.0,0.0,12.714285714285714,9.714285714285714,6.142857142857143,4.714285714285714,83.21428571428571,26.0,24.285714285714285,18.357142857142858,99.71428571428571,38.142857142857146,0.0,1.2142857142857142,1.2142857142857142,3.2142857142857144,0.07142857142857142,113.64285714285714,49.07142857142857,0.45000000000000007,0.7857142857142857,5.714285714285714,2.5,0.455,140.42857142857142,72.85714285714286,5.0,4.0,11.5,7.928571428571429,4.428571428571429,3.142857142857143,71.71428571428571,32.07142857142857,4.071428571428571,3.2142857142857144,62.214285714285715,24.928571428571427,0.14285714285714285,6.5,5.571428571428571,0.14285714285714285,0.0,80.21428571428571,38.42857142857143,0.4657142857142857,0.5714285714285714,2.2142857142857144,0.42857142857142855,0.14071428571428574,89.42857142857143,46.642857142857146,36.0,724.8571428571429,1.0,0.0,1.0,3.0,1.0,4.0,1.0,10.0,Orthodox,175.26,195.58,170.0,2.0,0.0,0.0,15.615384615384615,10.923076923076923,11.807692307692308,8.846153846153847,82.8076923076923,31.923076923076923,10.961538461538462,7.153846153846154,78.23076923076923,27.307692307692307,0.19230769230769232,11.73076923076923,9.692307692307692,1.5,0.07692307692307693,105.57692307692308,47.92307692307692,0.453076923076923,0.6153846153846154,4.3076923076923075,1.7307692307692308,0.29653846153846153,127.76923076923077,67.96153846153847,5.0,9.0,13.73076923076923,9.153846153846153,9.384615384615385,6.576923076923077,102.92307692307692,33.57692307692308,5.730769230769231,3.8846153846153846,95.96153846153847,27.46153846153846,0.038461538461538464,8.346153846153847,7.423076923076923,0.7692307692307693,0.07692307692307693,118.03846153846153,44.03846153846154,0.35076923076923083,0.07692307692307693,3.6538461538461537,1.5,0.245,138.1153846153846,62.23076923076923,74.0,794.7692307692307,4.0,0.0,0.0,10.0,4.0,3.0,0.0,17.0,Southpaw,172.72,177.8,170.0,26.0,34.0
Antonio Carlos Junior,Ian Heinisch,Todd Ronald Anderson,2019-05-18,"Rochester, New York, USA",Blue,False,Middleweight,3,0.0,1.0,0.0,10.0,10.0,21.0,14.0,59.0,30.0,15.0,11.0,74.0,38.0,1.0,11.0,7.0,1.0,0.0,95.0,55.0,0.57,2.0,7.0,1.0,0.14,133.0,90.0,1.0,0.0,9.0,3.0,8.0,4.0,47.0,22.0,0.0,0.0,39.0,17.0,0.0,7.0,6.0,1.0,0.0,55.0,26.0,0.47,0.0,11.0,5.0,0.45,68.0,38.0,3.0,900.0,0.0,0.0,0.0,1.0,0.0,0.0,0.0,1.0,Orthodox,180.34,182.88,185.0,0.0,4.0,0.0,6.666666666666667,4.666666666666667,3.6666666666666665,2.6666666666666665,37.22222222222222,13.777777777777779,9.444444444444445,6.555555555555555,40.22222222222222,15.222222222222221,0.0,3.4444444444444446,3.111111111111111,2.5555555555555554,0.1111111111111111,50.333333333333336,23.0,0.4344444444444445,0.6666666666666666,6.111111111111111,2.7777777777777777,0.4833333333333333,74.0,42.666666666666664,4.0,3.0,3.888888888888889,2.4444444444444446,1.3333333333333333,0.8888888888888888,25.555555555555557,6.666666666666667,17.11111111111111,11.88888888888889,36.111111111111114,14.222222222222221,0.0,4.0,2.7777777777777777,0.8888888888888888,0.0,44.0,19.444444444444443,0.32999999999999996,0.3333333333333333,1.3333333333333333,0.5555555555555556,0.16666666666666666,77.66666666666667,50.22222222222222,21.0,634.2222222222222,1.0,0.0,0.0,2.0,0.0,4.0,0.0,6.0,Orthodox,187.96,200.66,185.0,30.0,29.0
Megan Anderson,Felicia Spencer,Keith Peterson,2019-05-18,"Rochester, New York, USA",Blue,False,Women's Featherweight,3,0.0,0.0,0.0,,,,,,,,,,,,,,,,,,,,,,,,,0.0,0.0,,,,,,,,,,,,,,,,,,,,,,,,,0.0,,0.0,0.0,0.0,0.0,0.0,0.0,0.0,0.0,Orthodox,167.64000000000001,172.72,145.0,0.0,1.0,0.0,8.5,6.0,5.0,3.5,28.5,11.0,0.0,0.0,25.0,8.5,0.0,0.0,0.0,0.0,0.5,33.5,14.5,0.385,0.0,0.0,0.0,0.0,45.0,25.5,1.0,1.0,7.0,6.0,5.0,4.0,20.5,11.0,13.0,10.0,24.0,13.5,0.0,7.5,5.5,4.5,0.0,38.5,25.0,0.5800000000000001,0.5,4.0,2.0,0.25,91.0,73.0,4.0,480.5,0.0,0.0,0.0,0.0,1.0,0.0,0.0,1.0,Orthodox,182.88,182.88,145.0,28.0,29.0
Vicente Luque,Derrick Krantz,Dan Miragliotta,2019-05-18,"Rochester, New York, USA",Red,False,Welterweight,3,0.0,0.0,0.0,,,,,,,,,,,,,,,,,,,,,,,,,0.0,0.0,,,,,,,,,,,,,,,,,,,,,,,,,0.0,,0.0,0.0,0.0,0.0,0.0,0.0,0.0,0.0,Orthodox,177.8,182.88,170.0,0.0,4.0,0.0,6.7,5.0,3.6,3.0,57.4,31.3,6.7,4.5,53.0,26.7,0.6,8.0,7.1,0.8,0.1,67.7,38.8,0.511,0.6,1.2,0.6,0.10800000000000001,75.3,45.7,4.0,2.0,6.8,4.6,5.7,3.7,68.3,29.9,2.9,1.7,66.6,28.1,0.1,3.5,2.6,0.5,0.1,76.9,35.3,0.438,0.0,2.7,1.0,0.095,85.9,43.2,18.0,453.4,0.0,0.0,0.0,0.0,5.0,3.0,0.0,8.0,Orthodox,180.34,190.5,170.0,31.0,27.0
Charles Oliveira,Nik Lentz,Todd Ronald Anderson,2019-05-18,"Rochester, New York, USA",Red,False,Lightweight,3,0.0,2.0,0.0,13.181818181818182,10.590909090909092,13.227272727272727,8.863636363636363,62.04545454545455,25.545454545454547,11.954545454545455,9.5,66.13636363636364,26.863636363636363,0.09090909090909091,7.909090909090909,6.454545454545454,2.4545454545454546,0.045454545454545456,87.22727272727273,43.90909090909091,0.5259090909090909,1.0909090909090908,8.727272727272727,3.0,0.315,126.54545454545455,80.4090909090909,4.0,8.0,8.136363636363637,6.136363636363637,11.0,7.636363636363637,57.13636363636363,24.636363636363637,8.590909090909092,5.863636363636363,63.72727272727273,27.772727272727273,0.18181818181818182,4.863636363636363,4.2272727272727275,1.3181818181818181,0.18181818181818182,76.72727272727273,38.13636363636363,0.52,0.6363636363636364,3.590909090909091,2.0,0.3668181818181818,101.13636363636364,59.86363636363637,59.0,754.9090909090909,0.0,0.0,2.0,7.0,3.0,2.0,0.0,14.0,Orthodox,172.72,172.72,155.0,0.0,4.0,0.0,8.608695652173912,5.739130434782608,6.6521739130434785,4.782608695652174,29.434782608695652,12.0,5.3478260869565215,3.782608695652174,28.130434782608695,11.130434782608695,0.08695652173913043,4.695652173913044,3.6956521739130435,1.3478260869565217,0.13043478260869565,41.43478260869565,20.565217391304348,0.4839130434782608,1.2608695652173914,3.0,1.3043478260869565,0.47782608695652173,52.78260869565217,31.043478260869566,4.0,9.0,6.434782608695652,4.260869565217392,3.130434782608696,1.9565217391304348,32.82608695652174,13.217391304347826,8.0,5.086956521739131,34.69565217391305,13.956521739130435,0.08695652173913043,2.8260869565217392,2.0434782608695654,0.8695652173913043,0.2608695652173913,43.95652173913044,20.26086956521739,0.4352173913043477,0.34782608695652173,1.5217391304347827,0.6086956521739131,0.24478260869565216,51.95652173913044,27.347826086956523,42.0,400.5652173913044,0.0,0.0,0.0,1.0,0.0,13.0,0.0,14.0,Orthodox,177.8,187.96,155.0,34.0,29.0
Davi Ramos,Austin Hubbard,Keith Peterson,2019-05-18,"Rochester, New York, USA",Red,False,Lightweight,3,0.0,0.0,0.0,,,,,,,,,,,,,,,,,,,,,,,,,0.0,0.0,,,,,,,,,,,,,,,,,,,,,,,,,0.0,,0.0,0.0,0.0,0.0,0.0,0.0,0.0,0.0,Orthodox,177.8,180.34,155.0,0.0,3.0,0.0,6.5,3.25,3.25,2.25,59.75,21.0,2.75,1.75,56.75,19.5,0.0,2.5,2.25,2.25,0.0,65.75,25.0,0.505,0.75,3.0,1.75,0.6375,71.0,29.25,3.0,1.0,8.5,5.75,1.0,1.0,47.75,20.0,1.0,0.75,37.0,12.5,0.0,4.25,3.5,0.0,0.0,49.75,21.75,0.34249999999999997,0.0,0.0,0.0,0.0,53.25,24.5,8.0,480.5,0.0,0.0,0.0,0.0,0.0,3.0,0.0,3.0,Orthodox,167.64000000000001,177.8,155.0,27.0,32.0
Aspen Ladd,Sijara Eubanks,Keith Peterson,2019-05-18,"Rochester, New York, USA",Red,False,Women's Bantamweight,3,0.0,2.0,0.0,18.0,11.0,4.0,3.0,172.0,52.5,18.0,10.5,168.0,47.5,0.5,8.0,7.5,2.0,0.0,194.0,66.0,0.33499999999999996,0.0,4.0,2.5,0.625,221.5,88.5,2.0,0.0,9.0,5.5,3.5,3.5,117.5,33.5,1.5,1.5,109.5,31.0,0.0,4.0,2.0,0.5,0.0,122.5,38.5,0.31,0.0,3.0,0.5,0.125,160.5,72.0,6.0,900.0,0.0,0.0,0.0,2.0,0.0,0.0,0.0,2.0,,162.56,170.18,135.0,0.0,2.0,0.0,8.5,7.0,10.5,7.5,18.0,4.5,38.0,26.0,58.0,31.0,0.0,0.0,0.0,1.5,0.0,66.5,38.0,0.555,0.0,0.5,0.5,0.5,84.0,52.0,2.0,0.0,18.0,15.5,24.0,20.0,16.0,5.0,0.0,0.0,16.0,4.5,0.0,6.0,5.0,0.0,0.0,40.0,25.0,0.6000000000000001,0.0,0.5,0.0,0.0,47.5,32.5,3.0,329.5,0.0,0.0,0.0,0.0,2.0,0.0,0.0,2.0,Orthodox,167.64000000000001,167.64000000000001,135.0,34.0,24.0
Desmond Green,Charles Jourdain,Dan Miragliotta,2019-05-18,"Rochester, New York, USA",Red,False,Lightweight,3,0.0,0.0,0.0,,,,,,,,,,,,,,,,,,,,,,,,,0.0,0.0,,,,,,,,,,,,,,,,,,,,,,,,,0.0,,0.0,0.0,0.0,0.0,0.0,0.0,0.0,0.0,Switch,175.26,175.26,155.0,0.0,1.0,0.0,12.833333333333334,7.833333333333333,6.333333333333333,4.0,91.0,37.5,3.0,2.8333333333333335,78.5,29.333333333333332,0.16666666666666666,9.0,7.166666666666667,0.16666666666666666,0.0,100.33333333333333,44.333333333333336,0.48500000000000004,0.0,2.6666666666666665,1.0,0.3333333333333333,106.5,49.666666666666664,1.0,3.0,14.833333333333334,6.5,3.3333333333333335,1.6666666666666667,95.33333333333333,25.833333333333332,2.3333333333333335,2.1666666666666665,76.33333333333333,14.833333333333334,0.0,9.833333333333334,8.333333333333334,0.5,0.0,101.0,29.666666666666668,0.34333333333333343,0.5,4.0,1.0,0.10666666666666667,107.5,36.166666666666664,16.0,778.6666666666666,0.0,0.0,1.0,1.0,1.0,0.0,0.0,3.0,Southpaw,177.8,185.42000000000002,155.0,23.0,29.0
Danny Roberts,Michel Pereira,Todd Ronald Anderson,2019-05-18,"Rochester, New York, USA",Blue,False,Welterweight,3,0.0,0.0,0.0,,,,,,,,,,,,,,,,,,,,,,,,,0.0,0.0,,,,,,,,,,,,,,,,,,,,,,,,,0.0,,0.0,0.0,0.0,0.0,0.0,0.0,0.0,0.0,Orthodox,185.42,185.42000000000002,170.0,1.0,0.0,0.0,9.0,5.75,6.5,4.25,56.0,19.125,10.125,7.5,57.625,20.25,0.25,6.0,4.875,0.75,0.375,72.625,30.875,0.40750000000000003,0.25,0.875,0.0,0.0,78.625,35.75,2.0,3.0,7.125,4.375,11.375,6.75,45.125,16.75,5.75,4.5,50.625,19.75,0.375,4.5,3.875,1.875,0.125,62.25,28.0,0.53125,1.125,3.875,1.75,0.3525,77.625,41.25,17.0,541.625,0.0,0.0,1.0,1.0,2.0,1.0,0.0,5.0,Southpaw,185.42,187.96,170.0,25.0,31.0
Michael Trizano,Grant Dawson,Keith Peterson,2019-05-18,"Rochester, New York, USA",Blue,False,Featherweight,3,0.0,1.0,0.0,5.0,2.0,12.0,5.0,75.0,28.0,41.0,24.0,115.0,48.0,0.0,8.0,7.0,5.0,0.0,128.0,57.0,0.44,1.0,11.0,6.0,0.54,166.0,86.0,1.0,0.0,15.0,9.0,10.0,8.0,62.0,30.0,13.0,11.0,67.0,37.0,0.0,3.0,3.0,0.0,0.0,85.0,49.0,0.57,1.0,0.0,0.0,0.0,109.0,70.0,3.0,900.0,0.0,0.0,0.0,1.0,0.0,0.0,0.0,1.0,Switch,177.8,182.88,145.0,0.0,2.0,0.0,17.0,8.5,4.5,4.5,76.0,38.5,5.0,3.5,47.0,17.0,0.0,21.5,21.0,1.0,0.5,85.5,46.5,0.55,1.0,1.0,0.5,0.25,110.0,70.5,2.0,0.0,16.0,10.0,4.0,2.0,74.5,23.5,1.5,0.5,55.5,7.5,0.0,8.5,8.5,0.5,0.5,80.0,26.0,0.325,0.0,7.5,1.0,0.135,102.5,47.5,6.0,900.0,1.0,0.0,2.0,0.0,0.0,0.0,0.0,2.0,Orthodox,180.34,180.34,155.0,25.0,27.0
Karolina Kowalkiewicz,Danny Roberts,Kevin MacDonald,2019-06-08,"Chicago, Illinois, USA",Blue,False,Women's Strawweight,3,1.0,0.0,0.0,16.25,11.0,17.5,11.25,105.75,40.0,3.0,2.5,94.25,29.75,0.0,15.75,13.0,0.25,0.25,126.25,53.75,0.5025,0.25,0.5,0.25,0.125,165.5,87.5,1.0,2.0,18.75,10.5,8.0,6.25,101.0,27.0,4.75,3.5,90.0,23.5,0.0,5.0,2.75,2.75,0.25,113.75,36.75,0.325,0.25,5.5,2.0,0.38,132.75,53.75,10.0,716.0,0.0,0.0,1.0,1.0,0.0,0.0,0.0,2.0,Orthodox,165.1,167.64000000000001,115.0,2.0,0.0,0.0,25.22222222222222,17.555555555555557,27.555555555555557,20.77777777777778,155.77777777777777,49.77777777777778,3.7777777777777777,3.0,149.0,46.77777777777778,0.0,12.88888888888889,9.222222222222221,0.7777777777777778,0.1111111111111111,187.11111111111111,73.55555555555556,0.38,0.0,0.7777777777777778,0.1111111111111111,0.05555555555555555,211.22222222222223,95.0,3.0,4.0,26.22222222222222,14.666666666666666,20.555555555555557,14.11111111111111,133.11111111111111,51.666666666666664,1.6666666666666667,1.5555555555555556,110.11111111111111,38.22222222222222,0.1111111111111111,19.0,14.444444444444445,0.5555555555555556,0.1111111111111111,155.33333333333334,67.33333333333333,0.41444444444444445,0.2222222222222222,4.777777777777778,0.7777777777777778,0.2711111111111111,170.77777777777777,81.88888888888889,25.0,800.1111111111111,1.0,0.0,2.0,3.0,0.0,0.0,0.0,5.0,Orthodox,160.02,162.56,115.0,25.0,33.0
